"","query","superkingdom","kingdom","phylum","subphylum","superclass","class","subclass","infraclass","cohort","superorder","order","suborder","infraorder","parvorder","superfamily","family","subfamily","genus","species","seq","seqlen"
"OTU00001","OTU00001","","","","","","","","","","","","","","","","","","","","TAATTCTTTATGAGCTTGCGACCTCGATGTTGGACTAGGAATTTGGTAGGCTAGCCGCCTATTTATATTGTTCTGTTCGAACTATTTTTCCT"," 92"
"OTU00002","OTU00002","","","","","","","","","","","","","","","","","","","","TAATTCTTTTGAGTTTGCGACCTCGATGTTGGACTAGGAATTTAATCGGCTAGCCGCCTGTTAACATTGTTCTGTTCGAACAGTTTTTCCT"," 91"
"OTU00003","OTU00003","Eukaryota","Metazoa","Mollusca","","","Bivalvia","Autobranchia","","","","Mytiloida","","","","Mytiloidea","Mytilidae","Mytilinae","Mytilus","","CAATTTCTCCCGAAAGATGGTATTGGAGGGGAAGATTGCGACCTCGATGTTGGCTTTAGATATCCTAGAGGCGTAGAAGCTTCTAATGGTGGGTCTGTTCGCCCTTTAAAATCTA","115"
"OTU00004","OTU00004","Eukaryota","Metazoa","Chordata","Craniata","Actinopterygii","Actinopteri","Neopterygii","Teleostei","Euteleosteomorpha","","","","","","","","","","","CAATCCTCTTTTAGAGCCCATATCGACAAGAGGGTTTACGACCTCGATGTTGGATCAGGACATCCTAATGGTGCAGCCGCTATTAAGGGTTCGTTTGTTCAACGATTAAAGTCCT","115"
"OTU00005","OTU00005","Eukaryota","Metazoa","Arthropoda","Crustacea","Multicrustacea","Hexanauplia","Thecostraca","Cirripedia","","Thoracica","Sessilia","","","","","","","","","TAATCTTTTTTGAGAGTTCTAATCGACAAAAAGGTTTGCGACCTCGATGTTGGACTAAAATTTAGGCAGGGTGCAGCAGTTCTGCTTTTAGGTCTGTTCGACCTATAATATTTT","114"
"OTU00006","OTU00006","Eukaryota","Metazoa","Chordata","Craniata","","","","","","","","","","","","","","","","CAATCCCTTCTTAGAGCCCATATCGACGAAGGGGTTTACGACCTCGATGTTGGATCAGGACATCCTAATGGTGCAGCCGCTATTAAGGGTTCGTTTGTTCAACGATTAATAGTCCT","116"
"OTU00007","OTU00007","Eukaryota","Metazoa","Arthropoda","Crustacea","Multicrustacea","Hexanauplia","Thecostraca","Cirripedia","","Thoracica","Sessilia","","","","","Chthamalidae","","","","TAATCTTTTTTGAGAGTTCTAATCGACAAAAAGGTTTGCGACCTCGATGTTGGACTAAAATTTAGATGTGGTGCAGCAGCTACATTTTAGGGTCTGTTCGACCCATAATATTTT","114"
"OTU00008","OTU00008","Eukaryota","Metazoa","Chordata","Craniata","Actinopterygii","Actinopteri","Neopterygii","Teleostei","Euteleosteomorpha","","","","","","","","","","","CAATCCTCTTTTAGAGCCCATATCGACAAGGGGGTTTACGACCTCGATGTTGGATCAGGACATCCTAATGGTGCAGCCGCTATTAAGGGTTCGTTTGTTCAACGATTAAAGTCCT","115"
"OTU00009","OTU00009","Eukaryota","Metazoa","Mollusca","","","Bivalvia","Autobranchia","","","","Mytiloida","","","","Mytiloidea","Mytilidae","Mytilinae","Mytilus","Mytilus trossulus","CAATTTCTCCCGAAAGATGGTATTGGAGGGGAAGATTGTGACCTCGATGTTGGCTTTAGGTGTCCTAGAGGCGTAAAAGCTTCTAAGGGTGGGTCTGTTCGCCCTTTAAAATCTA","115"
"OTU00010","OTU00010","","","","","","","","","","","","","","","","","","","","CAATCCTATTCTAGAGTCCATATCAACAATAGGGTTTACGACCTCGATGTTGGATCAGGACATCCCGATGGTGCAGCCGCTATTAAAGGTTCGTTTGTTCAACGATTAAAGTCCT","115"
"OTU00011","OTU00011","Eukaryota","Metazoa","Chordata","Craniata","Actinopterygii","Actinopteri","Neopterygii","Teleostei","","","","","","","","","","","","CAATCCCTTCCCAGAGTCCATATCGACGAAGGGGTTTACGACCTCGATGTTGGATCAGGACATCCTAATGGTGCAGCCGCTATTAAGGGTTCGTTTGTTCAACGATTAAAGTCCT","115"
"OTU00012","OTU00012","","","","","","","","","","","","","","","","","","","","CAACCTCCTTGGATAGCCCACATTGATAAGGACTCTTGTGACCTCGATGTTGAATTACAGGTACTAATTGGTGAAGCAGCCTTTGTAGACAGTCTGTTCGACTAATAACCCCTTT","115"
"OTU00013","OTU00013","Eukaryota","Metazoa","Mollusca","","","Gastropoda","","","","","","","","","","","","","","TAATCTTTTTTTAGAGTTCTTATTGAAAAAAAGGTTTGCGACCTCGATGTTGGACTAAGATATCCTGAAGGTGTAGAAGTTTTCAATGGTTAGTCTGTTCGACTATTAAAATCTT","115"
"OTU00014","OTU00014","Eukaryota","Metazoa","Chordata","Craniata","Actinopterygii","Actinopteri","Neopterygii","Teleostei","Euteleosteomorpha","","Salmoniformes","","","","","Salmonidae","","","","CAATCCTCTCCCAGAGTCCCTATCGACGAGGGGGTTTACGACCTCGATGTTGGATCAGGACATCCTAATGGTGCAGCCGCTATTAAGGGTTCGTTTGTTCAACGATTAAAGTCCT","115"
"OTU00015","OTU00015","Eukaryota","Metazoa","Chordata","Craniata","Actinopterygii","Actinopteri","Neopterygii","Teleostei","Euteleosteomorpha","","Osmeriformes","","","","","","","","","CAATCCTCTCCCAGAGTCCCTATCGACGAGGGGGTTTACGACCTCGATGTTGGATCAGGACATCCTATTGGTGCAGCCGCTAATAAGGGTTCGTTTGTTCAACGATTAAAGTCCT","115"
"OTU00016","OTU00016","","","","","","","","","","","","","","","","","","","","TAATTCTTTTGAGTTTGCGACCTCGATGTTGGACTAGGAATTTAACCGGCTAGCCGCCTGTTAACATTGTTCTGTTCGAACAGTTTTTCCT"," 91"
"OTU00017","OTU00017","Eukaryota","Metazoa","Arthropoda","Crustacea","Multicrustacea","Malacostraca","Eumalacostraca","","","Peracarida","Isopoda","Valvifera","","","","Idoteidae","","Pentidotea","","TTATACCTTTTTAGAGCCCCTATCGCCAAAGGTGTTTACGACCTCGATGTTGAATTGAAGTACCTATTTTAAGCAGCCTTAAAACAAGGAAGTCTGTTCGACTTTTAATTTTTC","114"
"OTU00018","OTU00018","Eukaryota","Metazoa","Mollusca","","","Gastropoda","Patellogastropoda","","","","","","","","Lottioidea","Lottiidae","","Lottia","","TAATCCTCCCGGCGAGACCACATTAAGGGGAGGGTTTGCGACCTCGATGTTGGCTTAGGGCTTCCTAGAAGTGCAGGGGCTTCTAAGGGTTGGTCTGTTCGACCATTAAAGCCTT","115"
"OTU00019","OTU00019","Eukaryota","Metazoa","Echinodermata","","Echinozoa","Echinoidea","Euechinoidea","","","Atelostomata","","","","","","","","","","TTATCTTTTCTGAGAGTTCATATTGACGAAAAGGTTTGCGACCTCGATGTTGGATCGGGACATCCTAAGGGTGCAGAAGCTTTTAAGGGTTGGTCTGTTCGACCATTAAAGTCCT","115"
"OTU00020","OTU00020","","","","","","","","","","","","","","","","","","","","TAATTCTTTTTGAGCTTGCGACCTCGATGTTGGACTAGGAATTTGGTAGGCTAGCCGCCTATTTATATTGTTCTGTTCGAACTATTTTTCCT"," 92"
"OTU00021","OTU00021","Eukaryota","Metazoa","Hemichordata","","","Enteropneusta","","","","","","","","","","Ptychoderidae","","","","TAATCCCTCCTAAGAGCCCGCATTGCCGGAGGGGTTTGCGACCTCGATGTTGGATCGGGGAACCCCGATGGTGCAGCCGCTATCAACGGTTGGTCTGTTCGACCATTAAAACCCC","115"
"OTU00022","OTU00022","","","","","","","","","","","","","","","","","","","","TAATTCTTTATGAGCTTGCGACCTCGATGTTGGACTAGGAATTTGGCAGGCTAGCCGCCTATTTATATTGTTCTGTTCGAACTATTTTTCCT"," 92"
"OTU00023","OTU00023","Eukaryota","Metazoa","Mollusca","","","Bivalvia","Autobranchia","Euheterodonta","","Imparidentia","Venerida","","","","Veneroidea","Veneridae","","Saxidomus","","TAATTTGGTTCCCGAAAGATCTTATTAAGGGAAGAGTGTGCGACCTCGATGTTGAATTAAAGGAGCTTTTTGGTTGAAAATGCTAAAAGGGCAAAACTGTTCGTTTTTTAATCCTTT","117"
"OTU00024","OTU00024","","","","","","","","","","","","","","","","","","","","TAATTCTTTATGAGCTTGCGACCTCGATGTTGGACTAGGAATTTGGTAGGCTAGCCGCCTGTTTATATTGTTCTGTTCGAACTATTTTTCCT"," 92"
"OTU00025","OTU00025","Eukaryota","Metazoa","Mollusca","","","Bivalvia","Autobranchia","Euheterodonta","","Imparidentia","","","","","","","","","","TAATTTTTTCTGAGAGGCCTAATTGAAGAAAAAGCTTGCGACCTCGATGTTGGATTAGGGTTTCTGTTTGGCGTAGGAGCTAAATAAGTAGGACTGTTCGTCCTTTAAAACCCT","114"
"OTU00026","OTU00026","","","","","","","","","","","","","","","","","","","","TGCCTGTTAAAATAGTTCATATAAAAATAACAGATAACGACCTCGATGTTGAATTAAGTAATCCTAAAATAGAAAAAGATTTTAAGGAAGGGTCTGTTCGACCCATAGCTACTT","114"
"OTU00027","OTU00027","Eukaryota","Metazoa","Mollusca","","","Bivalvia","Autobranchia","","","","Mytiloida","","","","Mytiloidea","Mytilidae","Mytilinae","Mytilus","Mytilus trossulus","CAATTTCTCCCGAAAGATGGTATTGGAGGGGAAGATTGTGACCTCGATGTTGGCTTTAGGTGTCCTAGAGGCGTAAAAGCTTCTAAAGGTGGGTCTGTTCGCCCTTTAAAATCTA","115"
"OTU00028","OTU00028","Eukaryota","Metazoa","Arthropoda","Crustacea","Multicrustacea","Malacostraca","Eumalacostraca","","","","","","","","","","","","","TAATACTTTTATAGAGCTCTTATCGTTAAAAGTGCTTTCGACCTCGATGTTGAATTGAATTCTCTTTATAGAGCAGTCTTTATAAAAGAAAGTCTGTTCGACTTTTAAAAATTC","114"
"OTU00029","OTU00029","Eukaryota","Metazoa","Arthropoda","Crustacea","Multicrustacea","Malacostraca","Eumalacostraca","","","","","","","","","","","","","TTATTTCTTCAGAAAGATCATATTTATGAAGAAGATTGCGACCTCGATGTTGAATTAAAAGATCACTAGGGGGTAGAAAGTCTAGAAGAGGGTTTGTTCAACCTTTAAAATTTT","114"
"OTU00030","OTU00030","Eukaryota","Metazoa","Chaetognatha","","","Sagittoidea","","","","","Aphragmophora","Ctenodontina","","","","Sagittidae","","Sagitta","Sagitta elegans","TAATATTTATTAACAAGATCACATTATTAATAAAGAGTACGACCTCGATGTTGAACTAAAGGGAAGCTAATGTATAATCTAGTGTCTATCGTCTGTTCGCCGATTTACCTTT","112"
"OTU00031","OTU00031","Eukaryota","Metazoa","Mollusca","","","Bivalvia","Autobranchia","","","","Mytiloida","","","","Mytiloidea","Mytilidae","Mytilinae","Mytilus","","CAATTTCTCCCGAAAGATGGTATTGGAGGGGAAGATTGCGACCTCGATGTTGGCTTTAGATATCCTAGAGGCGTAGAAGCCTCTAATGGTGGGTCTGTTCGCCCTTTAAAATCTA","115"
"OTU00032","OTU00032","Eukaryota","Metazoa","Chordata","Craniata","Sarcopterygii","Mammalia","","","","Laurasiatheria","Carnivora","Caniformia","","","","","","","","CAATCCTGTTTGAGAGTCCATATCGACAATAGGGTTTACGACCTCGATGTTGGATCAGGACATCCTAATGGTGCAGCAGCTATTAAGGGTTCGTTTGTTCAACGATTAAAGTCCT","115"
"OTU00033","OTU00033","","","","","","","","","","","","","","","","","","","","TAATTCTTTATGAGCTTGCGACCTCGATGTTGGACTAGGAATTTGGTAGGCTAGCCGTCTATTTATATTGTTCTGTTCGAACTATTTTTCCT"," 92"
"OTU00034","OTU00034","Eukaryota","Metazoa","Mollusca","","","Bivalvia","Autobranchia","Euheterodonta","","Imparidentia","Myida","","","","Myoidea","Myidae","","Mya","","TTATCTTCTTTTAGAGGACTAATCGAAAAGAAGGTTTGCGACCTCGATGTTGGATTTGGGTATCTGTCTGGTTGCAGGAGCTAGAGGAGTAGGACTGTTCGTCCTTTAAAACTCA","115"
"OTU00035","OTU00035","Eukaryota","Metazoa","Arthropoda","Crustacea","Multicrustacea","Malacostraca","Eumalacostraca","","","Eucarida","Euphausiacea","","","","","Euphausiidae","","Thysanoessa","","TAATTTTCTTTGAGAGCTCTTATCTACAAGAAAGATTGCGACCTCGATGTTGAATTAAAATTTCTTTAAGGTGTAGCAGCTTTAATAGAAGGTCTGTTCGACCTTTAAATTTTT","114"
"OTU00036","OTU00036","Eukaryota","Metazoa","Arthropoda","Crustacea","","Branchiopoda","Phyllopoda","","","","Diplostraca","Cladocera","Anomopoda","","","Daphniidae","","","","TAATCTTTTTGGAGAGTTCTTATCGATAAAAAGGTTTGCGACCTCGATGTTGGATTAAGAAATTAGCAAGGTGCAGAAGTTTTGTTGGAAAGTCTGTTCGACTTTTGATTTCTT","114"
"OTU00037","OTU00037","Eukaryota","Metazoa","Chordata","Craniata","Actinopterygii","Actinopteri","Neopterygii","Teleostei","Euteleosteomorpha","","","","","","","","","","","CAATCCCCTCTTAGAGCCCATATCGACGAGGGGGTTTACGACCTCGATGTTGGATCAGGACATCCTAATGGTGCAGCCGCTATTAAGGGTTCGTTTGTTCAACGATTAAAGTCCT","115"
"OTU00038","OTU00038","Eukaryota","Metazoa","","","","","","","","","","","","","","","","","","TTATTTTTTCTAAGAGACCTAATTGAAGAAAAAGTTTTCGACCTCGATGTTGGATTAAGGTTTCTTTTGGGCGCAGTTGTTCAAATAGTAAGATTGTTCATCTTTTAAAACTTT","114"
"OTU00039","OTU00039","Eukaryota","Metazoa","Mollusca","","","Bivalvia","Autobranchia","","","","Mytiloida","","","","Mytiloidea","Mytilidae","Modiolinae","Modiolus","","TAATTTTTCTTTATAGTCCGCATTGAAAGAGAAGATTGCGACCTCGATGTTGGATTAAGGTGACCAGAGGGCGTAGGGGCCCTCTAAGGTTGGTTTGTTCGCCCATAAAAACCCTT","116"
"OTU00040","OTU00040","Eukaryota","Metazoa","Chordata","Craniata","Actinopterygii","Actinopteri","Neopterygii","Teleostei","Euteleosteomorpha","","","","","","","","","","","CAATCCCCTTTTAGAGCCCCTATCGACAAGGGGGTTTACGACCTCGATGTTGGATCAGGACATCCTAATGGTGCAACCGCTATTAAGGGTTCGTTTGTTCAACGATTAAAGTCCT","115"
"OTU00041","OTU00041","Eukaryota","Metazoa","Mollusca","","","Bivalvia","Autobranchia","","","","Pectinida","","","","Pectinoidea","Pectinidae","","Chlamys","Chlamys hastata","TAATCTTCCTTGATAGTTCTTATAGATGGGGGGGTTTGCGACCTCGATGTTGGCTCTGGGTATCCTGAGGCTTGCAGGCGGTCTCAAGGGTTGGTTCGTTCGCCCATTAAAACCCG","116"
"OTU00042","OTU00042","","","","","","","","","","","","","","","","","","","","TAATTCTTTATGAGCTTGCGACCTCGATGTTGGACTAGGAATTTGGTGGGCTAGCCGCCTATTTATATTGTTCTGTTCGAACTATTTTTCCT"," 92"
"OTU00043","OTU00043","","","","","","","","","","","","","","","","","","","","TAATTCTTTATGAGCTTGCGACCTCGATGTTGGACTAGGAATTTGGTAGGCTAGCCGCCTATTTATATTGTCCTGTTCGAACTATTTTTCCT"," 92"
"OTU00044","OTU00044","Eukaryota","Metazoa","Nemertea","","","Enopla","Hoplonemertea","","","","Monostilifera","Eumonostilifera","","","","Emplectonematidae","","Paranemertes","","TAATTTTTTTTATGAGTTCTTATTAAAAAAAAAGATTGCGACCTCGATGTTGACTTATGGTTTCCTTTTGGTGCAGTAGCTATTAGGGTGGGTCTGTTCGACCTTTAAAACCTT","114"
"OTU00045","OTU00045","","","","","","","","","","","","","","","","","","","","TGCAGCACAATCTAGTGTGTAACGACCTCGATGTTGAATTAAAGCTCCTTGCCCCCAGCCGGGGCTATGGTGAAGTCTGTTCGACTTGATGCTTT"," 95"
"OTU00046","OTU00046","Eukaryota","Metazoa","Mollusca","","","Bivalvia","Autobranchia","Euheterodonta","","Imparidentia","Myida","","","","Hiatelloidea","Hiatellidae","","Panopea","","TTATTTCTTCTGAGAGATCTAATTGAAGAAGAAGATTGCGACCTCGATGTTGGATTAGGATTTCTTGTTGGCGTAGAGGCTAGTTGAGTAGGACTGTTCGTCCTTTAAAATTCT","114"
"OTU00047","OTU00047","Eukaryota","Metazoa","Mollusca","","","Bivalvia","Autobranchia","Euheterodonta","","Imparidentia","Myida","","","","Myoidea","Myidae","","Mya","","TTATCTTTTTTTAGAGAACTAATCGAAAAAAAGGTTTGCGACCTCGATGTTGGATTTGGGTAGCCATTTGGTTGTAGGGGCTAAAAGGGTAGGACTGTTCGTCCTTTAAAACTCA","115"
"OTU00048","OTU00048","Eukaryota","Metazoa","Mollusca","","","Bivalvia","Autobranchia","","","","Mytiloida","","","","Mytiloidea","Mytilidae","Modiolinae","Modiolus","","TTATTTTTCTTTATAGTCCGTATAGAAAGAAAAGATTGCGACCTCGATGTTGGATTAAGGTGTCCTGAAGGTGTAGAAGCCTTTTAGGGTTGGTCTGTTCGCCCATAAAAACCCTT","116"
"OTU00049","OTU00049","","","","","","","","","","","","","","","","","","","","TAATTCTTTATGAGCTTGCGACCTCGATGTTGGACTAGGAATTTGGTAGGCTAGCCGCCCATTTATATTGTTCTGTTCGAACTATTTTTCCT"," 92"
"OTU00050","OTU00050","Eukaryota","Metazoa","Arthropoda","Crustacea","Multicrustacea","Malacostraca","Eumalacostraca","","","Peracarida","Isopoda","","","","","Sphaeromatidae","","Exosphaeroma","","CAATGTCTTTTCAGAGCCCTCATCGGCAAAGACGTTTACGACCTCGATGTTGAATTGAAGAACCTACGTGAAGCAGCCCTCACGAAAGGAAGTCTGTTCGACTTTTAATCCTTC","114"
"OTU00051","OTU00051","Eukaryota","Metazoa","","","","","","","","","","","","","","","","","","CAATTTACTTGGTGAGTTGGTATCTATGGGTAAGTTTGTGACCTCGATGTTGGACTAAGATATCCTTCAAGTGCAGCGGTTTGAAAGGGTTGGTCTGTTCGACCATTAATATCTT","115"
"OTU00052","OTU00052","","","","","","","","","","","","","","","","","","","","TAATTCTTTTGAGTTTGCGACCTCGATGTTGGACTAGGAATTTAATCGGCTAGCCGCCTGTTAACATTGTTCTGTTCGAGCAGTTTTTCCT"," 91"
"OTU00053","OTU00053","Eukaryota","Metazoa","Mollusca","","","Gastropoda","","","","","","","","","","","","","","TAATCTTCCCCGAGAGTTCTTATCTACAGGAAGGATTGCGACCTCGATGTTGGACTAGGATATCCCGAAGGTGCAGCAGCTTTCAAGGGTAGGTCTGTTCGACCTTTAAAATCCT","115"
"OTU00054","OTU00054","Eukaryota","Metazoa","Arthropoda","","","","","","","","","","","","","","","","","TAATTTTTTTGGAGAGTTCAAATCGATAAAAAAGATTGCGACCTCGATGTTGGACTAAGAATTATTTTAGGTGTAGAAGTTTAAATTTTAAGTCTGTTCGACTTTTAAATTCTT","114"
"OTU00055","OTU00055","Eukaryota","Metazoa","Arthropoda","Crustacea","Multicrustacea","Malacostraca","Eumalacostraca","","","Peracarida","Isopoda","","","","","Sphaeromatidae","","Exosphaeroma","","CAATGTTTTTTTAGAGCCCTCATCGGCAAAAGCGTTTACGACCTCGATGTTGAATTGAAGAACCTCCGCAGAGCAGCCCTTGCGAAAGGAAGTCTGTTCGACTTTTTATCCTTC","114"
"OTU00056","OTU00056","Eukaryota","Metazoa","Mollusca","","","Bivalvia","Autobranchia","","","","Mytiloida","","","","Mytiloidea","Mytilidae","Mytilinae","Mytilus","","CAATTTCTCCCGAAAGATGGTATTGGAGGGGAAGATTGCGACCTCGATGTTGGCTTTAGATGTCCTAGAGGCGTAGAAGCTTCTAATGGTGGGTCTGTTCGCCCTTTAAAATCTA","115"
"OTU00057","OTU00057","Eukaryota","Metazoa","Mollusca","","","Bivalvia","Autobranchia","","","","Mytiloida","","","","Mytiloidea","Mytilidae","Mytilinae","Mytilus","","CAATTTCTCCCGAAAGATGGTATTGGAGGGGAAGATTGCGACCTCGATGTTGGCTTTAGATACCCTAGAGGCGTAGAAGCTTCTAATGGTGGGTCTGTTCGCCCTTTAAAATCTA","115"
"OTU00058","OTU00058","Eukaryota","Metazoa","Mollusca","","","Bivalvia","Autobranchia","Euheterodonta","","Imparidentia","Cardiida","","","","Tellinoidea","Tellinidae","","","","CAATCATTTTGGTAAGGCCAAATTTAAGGAATGGTTTGCGACCTCGATGTTGAATCAAAATTTCTACCCGGTGCAGCAATTGGGTTAGTAGGACTGTTCGTCCTTTAAAATTTT","114"
"OTU00059","OTU00059","","","","","","","","","","","","","","","","","","","","CGACAAATTAAGAGTTCAAATCTAATCTTTTTATAGCGACCTCGATGTTGAATTAGGGACTAGTTACTAGTAGAAAAGTAATTAACGGGACTGTTCGGCCCTTTCCCCT","109"
"OTU00060","OTU00060","Eukaryota","Metazoa","Arthropoda","Crustacea","Multicrustacea","Malacostraca","Eumalacostraca","","","Eucarida","Decapoda","Pleocyemata","Brachyura","","Cancroidea","Cancridae","","","","TTATTTTTTTTGAGAGTTCATATCGAAAAAAAAGTTTGCGACCTCGATGTTGAATTAAAATAATCTTTTTAGTGCAGCCGCTATAGAAGAGGGTCTGTTCGACCTTTAAAATTTT","115"
"OTU00061","OTU00061","","","","","","","","","","","","","","","","","","","","TAATTTTTTATGAGCTTGCGACCTCGATGTTGGACTAGGAATTTGGTAGGCTAGCCGCCTATTTATATTGTTCTGTTCGAACTATTTTTCCT"," 92"
"OTU00062","OTU00062","Eukaryota","Metazoa","Arthropoda","Hexapoda","","Insecta","Pterygota","Neoptera","Endopterygota","Amphiesmenoptera","Lepidoptera","Glossata","Neolepidoptera","Heteroneura","","","","","","TAATTTTCTCTTTTAGTTCATATAAAAGAGAGAGTTTGCGACCTCGATGTTGGATTAAGATAAAATTTAAATGTAAAAGTTTAAATTTTTTGATCTGTTCGATCATTAAAATCTT","115"
"OTU00063","OTU00063","Eukaryota","Metazoa","Arthropoda","Crustacea","Multicrustacea","Malacostraca","Eumalacostraca","","","Eucarida","Decapoda","Pleocyemata","Brachyura","","Pinnotheroidea","Pinnotheridae","","","","TTATTTTTCTTGAGAGTTCATATCGAAAGAAAAGATTGCGACCTCGATGTTGAATTAAAATTTCTAAGTTATTGCAGAAGTCACTTTAGAAGGTCTGTTCGACCTTTAAATTTTT","115"
"OTU00064","OTU00064","","","","","","","","","","","","","","","","","","","","TAATCCCCCCTGAGAGTTCGTATTGAAGGGTGGGTTTGCGACCTCGATGTCTGCTTAACGCATCCTCCTGGTGAAGCAGCTGGGAAGGGTAGCACTGTTCGTGCTCTAAGGCGTT","115"
"OTU00065","OTU00065","Eukaryota","Metazoa","Mollusca","","","","","","","","","","","","","","","","","TTATTTTTCTTAAGAGTTCTTATTAAAAGAAAAGATTGCGACCTCGATGTTGGACTAAAGTGTCCTGAAGGTGCAGAAGCCTTCAAGGGTTGGTCTGTTCGACCATTAAAACTTT","115"
"OTU00066","OTU00066","Eukaryota","Metazoa","Mollusca","","","Bivalvia","Autobranchia","","","","Mytiloida","","","","Mytiloidea","Mytilidae","Modiolinae","Modiolus","","TTATTTTTCTTTATAGTTCGTATAGAAAGAGAAGATTGCGACCTCGATGTTGGATTAAGGTGTCCTGAAGGTGTAGGAGCCTTCCAGGGTTGGTCTGTTCGTCCATAAAAACCCTT","116"
"OTU00067","OTU00067","Eukaryota","Metazoa","Bryozoa","","","Gymnolaemata","","","","","","","","","","","","","","TAATCCTATCTAAGAGATCTAATCGCAGGTAGGGTTTGCGACCTCGATGTTGGATTAGGGTATCCGGAAGGTGCAGCAGCTTTCAACGGTGGGCCTGTTCGGCCTATAACACCCT","115"
"OTU00068","OTU00068","Eukaryota","Metazoa","Mollusca","","","Bivalvia","Autobranchia","Euheterodonta","","Imparidentia","Adapedonta","","","","Solenoidea","Solenidae","","Solen","","TAATTTTCTCTGAGAGGACTAATTGAAGAGTTAGATTGCGACCTCGATGTTGGATTAGGGTACCTTTCTGGTGCAGCCGTTAGCAAAGTAAGACTGTTCGTCTTTTAAAACCCT","114"
"OTU00069","OTU00069","Eukaryota","Metazoa","Mollusca","","","Bivalvia","Autobranchia","Euheterodonta","","Imparidentia","Venerida","","","","Veneroidea","Veneridae","","Saxidomus","Saxidomus nuttalli","TAATTTAACTTCTTAAAGATTTTATTAAAGAAGGAGTTTGCGACCTCGATGTTGAATTAAAGGAGCTTTTTGGTTGAAGATGCTAAATAAGCAAAACTGTTCGTTTTTTAATGCTTT","117"
"OTU00070","OTU00070","","","","","","","","","","","","","","","","","","","","CTAATTCTTTTAAAGCCCACATTAAAATCGCCTTTGTGACCTCGATGTTGAATTAAGACCCAGGAAAGGTGTAGCCGTTTTTCTGATAGGCCTGTTCGGCCTTCCCCTCTT","111"
"OTU00071","OTU00071","Eukaryota","Metazoa","","","","","","","","","","","","","","","","","","TAATCTTTTCTTAGAGGACTTATCGAAGAAAGGGTTTGCGACCTCGATGTCGGCTCAACGCTTCCTTTGGGTGTAGGAGCTCAAAAGGGTTGGTATGTTCGCCCATTAATGCGTT","115"
"OTU00072","OTU00072","Eukaryota","Metazoa","Mollusca","","","Bivalvia","Autobranchia","","","","Mytiloida","","","","Mytiloidea","Mytilidae","Mytilinae","Mytilus","","CAATTTCTCCCGAAAGACGGTATTGGAGGGGAAGATTGTGACCTCGATGTTGGCTTTAGGTGTCCTAGAGGCGTAAAAGCTTCTTAGGGTGGGTCTGTTCGCCCTTTAAAATCTA","115"
"OTU00073","OTU00073","Eukaryota","Metazoa","Arthropoda","Crustacea","","Branchiopoda","Phyllopoda","","","","Diplostraca","Cladocera","Onychopoda","","","Podonidae","","","","TAATATTCTTGGAGAGTTCTTATCGATAAGAAAGTTTGCGACCTCGATGTTGGATTAAGAAATTGGTGAGGTGCAGAAGCTTCACAGGAAAGTCTGTTCGACTTTTAATATCTT","114"
"OTU00074","OTU00074","Eukaryota","Metazoa","Echinodermata","","Asterozoa","Asteroidea","","","","Forcipulatacea","Forcipulatida","","","","","Asteriidae","","","","TAATTTTTTTGGAGAGTTCATATTGATAAAAAAGTTTGCGACCTCGATGTTGGATCGAGATTTCCTAGAGATGCAGCAGTTTCTGAGGGTTGGTCTGTTCGACCATTAAAATCTT","115"
"OTU00075","OTU00075","Eukaryota","Metazoa","Arthropoda","Crustacea","Multicrustacea","Malacostraca","Eumalacostraca","","","Eucarida","Decapoda","Pleocyemata","Brachyura","","Majoidea","","","","","TTATTTCTTTTGAGAGCCCATATCGAAAAAGAAGTTTGCGACCTCGATGTTGAATTAAAATATCTAAATAATGCAGCAGTTATTAAAGAAGGTCTGTTCGACCTTTAAATTTTT","114"
"OTU00076","OTU00076","","","","","","","","","","","","","","","","","","","","TAAAATAATTTAGAGACCTAATTTATGTTTATATTTACGACCTCGATGTTGAATTAAGAATAACCAAGGAGCAGAAATTTTGGCCTTATAGATTGTTCATCTATAAATTCTT","112"
"OTU00077","OTU00077","","","","","","","","","","","","","","","","","","","","TAATTCTTTTGAGTTTGCGGCCTCGATGTTGGACTAGGAATTTAATCGGCTAACCGCCTGTTAACATTGTTCTGTTCGAACAGTTTTTCCT"," 91"
"OTU00078","OTU00078","","","","","","","","","","","","","","","","","","","","TAAAATAATTTAAAGACCTTATTAATATTTATGTTTACGACCTCGATGTTGAATTAAGAAATTTTAAAAAGCAGAAATTTTAAAAATATTAGATTGTTCATCTATTTTTTCTT","113"
"OTU00079","OTU00079","","","","","","","","","","","","","","","","","","","","CAACACACTTGTGGAGACCACATTTGTAAGTGGATTTGTGACCTCGATGTTGAATTAAAGGTGCTGTCTAGCGCAGCTGTTAGACAAGTAAGTCCGTTCGACTTTTAAACCTTT","114"
"OTU00080","OTU00080","Eukaryota","Metazoa","Mollusca","","","Bivalvia","Autobranchia","Euheterodonta","","Imparidentia","Venerida","","","","Veneroidea","Veneridae","","","","TTATTTTTCCTGAGAGATCGAATTGAGGGAAAAGTTTGCGACCTCGATGTTGGATTATAGAAACTTTATGGTGCAGCAGCTATAATTGTGAGACTGTTCGTCTTTTAAATCTAT","114"
"OTU00081","OTU00081","","","","","","","","","","","","","","","","","","","","TAAAATCGGTTATAGCTCTTATAGGCACCCTTATTACGACCTCGATGTTGAATTAAATATTCTAGTGCAGCTGCTATTAAAAAAAGTCTGTTCGACTAATTATATTT","107"
"OTU00082","OTU00082","Eukaryota","Metazoa","Mollusca","","","Bivalvia","Autobranchia","Euheterodonta","","Imparidentia","Cardiida","","","","Tellinoidea","Tellinidae","","Macoma","","CAATCATTCTGATAAGGCCATATTTAAGGAGTGGTTTGCGACCTCGATGTTGAATCAAAATTTCTACTTGGTGTAGCAGCTAAGTTAGTGGGACTGTTCGTCCTTTAAAATTTT","114"
"OTU00083","OTU00083","Eukaryota","Metazoa","Nemertea","","","Pilidiophora","","","","","Heteronemertea","","","","","Lineidae","","Maculaura","","TAATTTTTTCATAAAGTTCTTATTGAAGAAAAAGTTTGCGACCTCGATGTTGACTTGTTATCTCCTTCTAAGGTGCAGTAGCTGTAAGGGTTAGTCTGTTCGACTATTAAAATAAC","116"
"OTU00084","OTU00084","Eukaryota","Metazoa","Arthropoda","Crustacea","Multicrustacea","Malacostraca","Eumalacostraca","","","Peracarida","Amphipoda","Senticaudata","Corophiida","Caprellidira","Caprelloidea","Caprellidae","","Caprella","","TTATAAAATTAAAGAGACCTTATCTCCAATTTTGATTGCGACCTCGATGTTGAATTAATAAATCCGCGCGGGGCAGCCCCCGCAAAGGAAGGTTTGTTCAACCTTTAATTTATT","114"
"OTU00085","OTU00085","Eukaryota","Metazoa","Mollusca","","","Bivalvia","Autobranchia","Euheterodonta","","Imparidentia","Myida","","","","Hiatelloidea","Hiatellidae","","Panopea","","TTATTTCTTCTGAGAGATCTAATTGAAGAAGAAGATTGCGACCTCGATGTTGGATTAGGATTTCTTGTTGGCGTAGAGGCTAGTTGAGTAGGACTGTTCGTCCTTTAAAATCTA","114"
"OTU00086","OTU00086","","","","","","","","","","","","","","","","","","","","TAATCCTGATTGAGAGTTCATATTGAAGTCAGGGTTTGCGACCTCGATGTCTGCTCATCGCATCCTCCTGGTGAAGAAGCTAGGAAGGGTAGGGCTGTTCGCCCTCTAAGGCGGT","115"
"OTU00087","OTU00087","","","","","","","","","","","","","","","","","","","","CAATGTAGTATACAGGCCTCATGTTCTACTACTCTTGTGACCTCGATGTTGAATTAAGAAAACATTAGGTGTAGCAGCTTAAAATGTATTTGTCTGTTCGACAAAATAACTCTT","114"
"OTU00088","OTU00088","Eukaryota","Metazoa","Arthropoda","Crustacea","Multicrustacea","Malacostraca","Eumalacostraca","","","Peracarida","Amphipoda","Senticaudata","Hadziida","","Calliopioidea","Pontogeneiidae","","Pontogeneia","Pontogeneia rostrata","TAATCTTCCTGGAGAGGTCTTATCTATAGGAAGGGTTGCGACCTCGATGTTGAATTAAAATTTCCGGGCGAAGCAGCAGGTGCCGTAGGAGGGTTTGTTCAACCTTTAATTTTTT","115"
"OTU00089","OTU00089","Eukaryota","Metazoa","Bryozoa","","","Gymnolaemata","","","","","Cheilostomatida","Flustrina","","","","","","","","TTATTCTACCAAAGAGATCTAATCGAAGGTAGAGTTTGCGACCTCGATGTTGGACTAAGGTAACCTGTAAGTGTAGAAGTTTACAAGGGTAAGCCTGTTCGGCTTTTAAAACCTT","115"
"OTU00090","OTU00090","Eukaryota","Metazoa","Mollusca","","","Bivalvia","Autobranchia","Euheterodonta","","Imparidentia","Cardiida","","","","Tellinoidea","Tellinidae","","Moerella","","CAATCTTCCTGATAAGGCCATATTTAAGGGATGGTTTGCGACCTCGATGTTGAATCAGAATTTCTATTAGGTGTAGCAGCTTAATAAGTGGGACTGTTCGTCCTTTAAAATTCT","114"
"OTU00091","OTU00091","Eukaryota","Metazoa","Arthropoda","Hexapoda","","Insecta","Pterygota","Neoptera","Endopterygota","","Diptera","","","","","","","","","TAATTTTTTTGGAGAGTTCATATCGATAAAAAAGATTGCGACCTCGATGTTGGACTAAGAATTATTTTAAATGCAGAAGTTTAAATTTTAAGTCTGTTCGACTTTTAAATTCTT","114"
"OTU00092","OTU00092","Eukaryota","Metazoa","Mollusca","","","Bivalvia","Autobranchia","Euheterodonta","","Imparidentia","Cardiida","","","","Tellinoidea","Tellinidae","","","","CAATCACTCTGATAAGGCCATATTTAAGGAGTGGTTTGCGACCTCGATGTTGAATCAAAATTTCTACTTGGTGTAGCAGCTTAGTTAGTGGGACTGTTCGTCCTTTAAAATTTT","114"
"OTU00093","OTU00093","Eukaryota","Metazoa","Arthropoda","","","","","","","","","","","","","","","","","TAATGGATTAGGAGAGCCCATATCTATTAATTTTTTGCGACCTCGATGTTGAATTAATAAACCTAAATAAAGCAGTTTTTATTTAAGGGGGTTTGTTCAACCTTTTAATTATT","113"
"OTU00094","OTU00094","Eukaryota","Metazoa","Mollusca","","","Gastropoda","Caenogastropoda","","","","","","","","","","","","","TAATCTTTTTTGAGAGTTCTTATCGAAAAATAGGTTTGTGACCTCGATGTTGGACTAGAATATCCTGATAGATGCAGCTGTCTTCAAGGGTTGGTCTGTTCGACCATTAAAATTCT","116"
"OTU00095","OTU00095","Eukaryota","Metazoa","Arthropoda","Crustacea","Multicrustacea","Hexanauplia","Copepoda","Neocopepoda","","Gymnoplea","Calanoida","","","","","Acartiidae","","Acartia","Acartia longiremis","TTATTGTTATTAAAGATCTTATTAAAATAATAGTTTGCGACCTCGATGTTGAATTGCGGTGTGTGATCAGAGTAGAAATTGTTCTCCATAGGTCTGTTCGACCTTTTACCCGC","113"
"OTU00096","OTU00096","Eukaryota","Metazoa","Mollusca","","","Bivalvia","Autobranchia","Euheterodonta","","Imparidentia","Cardiida","","","","Tellinoidea","","","","","CAATCTCTTTGTCGAGGTCATATTAGAGAAGGGGTTTGCGACCTCGATGTTGAATCAGAATTCCTATCAGGCGGAGAGGTTTGGTAAGTGGGACTGTTCGTCCTTTGAAATTCT","114"
"OTU00097","OTU00097","Eukaryota","Metazoa","Mollusca","","","Bivalvia","Autobranchia","Euheterodonta","","Imparidentia","","","","","","","","","","TAATAACCATCAAGAGACCAAATTAGGGTGGGTGTTGACGACCTCGATGTTGGATTAAGGAATCTCCGCGGTGCAGCCGCTGCGGTAGAAAGTCTGTTCGACTTTTGAACCCTT","114"
"OTU00098","OTU00098","Eukaryota","Metazoa","Mollusca","","","Bivalvia","Autobranchia","Euheterodonta","","Imparidentia","Venerida","","","","Mactroidea","Mactridae","","Tresus","","TTATCCCTTTTTAGAGATCAAATCAAGAAAGGGGCTTGCGACCTCGATGTTGGATTAGAGGTTCCTTTTGGTGCAGAAGCTAAAATGGAGAGACTGTTCGTCTTTTAATTCTCT","114"
"OTU00099","OTU00099","Eukaryota","Metazoa","Mollusca","","","Bivalvia","Autobranchia","Euheterodonta","","Imparidentia","Galeommatida","","","","Galeommatoidea","","","","","TTATCTTCCTTGAGAGAACAAATTGAAGGGGAGGTTTGCGACCTCGATGTTGGATTAGAGTTTCCTTTTGGCGCAGAAGCTTAAAGGGTAAGACTGTTCGTCTTTTAAAGCTTT","114"
"OTU00100","OTU00100","Eukaryota","Metazoa","Mollusca","","","Bivalvia","Autobranchia","Euheterodonta","","Imparidentia","Cardiida","","","","Tellinoidea","Tellinidae","","","","CAATCTTCTTGATAAGGCCATATTTAAGAGATGGTTTGCGACCTCGATGTTGAATCAGGATAATCTATTAGGTGTAGCAGCTTTGTAAGTGGGACTGTTCGTCCTTTAAAATCCT","115"
"OTU00101","OTU00101","Eukaryota","Metazoa","Mollusca","","","Bivalvia","Autobranchia","Euheterodonta","","Imparidentia","Cardiida","","","","Tellinoidea","Tellinidae","","","","CAATCACTTTGATAAGGCCATATTTAAGAAGTGGTTTGCGACCTCGATGTTGAATCAGAATACCTACTTGGTGTAGCAGCTAAGGAAGTGGGACTGTTCGTCCTTTAAAATTTT","114"
"OTU00102","OTU00102","Eukaryota","Metazoa","Arthropoda","Crustacea","Multicrustacea","Malacostraca","Eumalacostraca","","","Eucarida","Decapoda","Pleocyemata","Brachyura","","Majoidea","Epialtidae","","Pugettia","","TTATTTCTTTTGAGAGTTCTTATTGAAAAAGAAGTTTGCGACCTCGATGTTGAATTAAAGAATCTTTATAGTGCAGCAGTTATAAAAAGAAGGTCTGTTCGACCTTTAAATCTTT","115"
"OTU00103","OTU00103","Eukaryota","Metazoa","Arthropoda","Crustacea","Multicrustacea","Malacostraca","Eumalacostraca","","","Peracarida","Amphipoda","Senticaudata","Hadziida","","Calliopioidea","Pontogeneiidae","","Pontogeneia","","TAATTTTCTCGGAGAGATCTTATCTATGGGAAGGGTTGCGACCTCGATGTTGAATTAAAATTTCCAGGTGAAGCAGCAGGTGCCTTAGGAGGGTTTGTTCAACCTTTAATTTTTT","115"
"OTU00104","OTU00104","","","","","","","","","","","","","","","","","","","","TTATAATTAATAAAGTTCATATTGAATTAATTGTTTGCGACCTCGATGTTGAATTGCGGAGTGCTGATAGAGTAGAAATTATCAAGCTACGGGTCTGTTCGACCCTTTTTACCCGC","116"
"OTU00105","OTU00105","Eukaryota","Metazoa","Mollusca","","","Gastropoda","Vetigastropoda","","","","Trochida","","","","Trochoidea","","","","","TAATCTTTCTGGAGAGATCTAATCGAAAGAAGGGTTTGCGACCTCGATGTTGGACTAAGGTATCCTAAGGGTGTAGAAGTTCTTGAGGGTTGGTCTGTTCGACCATTAAAACCTT","115"
"OTU00106","OTU00106","Eukaryota","Metazoa","Nemertea","","","Palaeonemertea","","","","","","","","","","Cephalothricidae","","Cephalothrix","","TAATCTTTTTTTAGAGTTCTTATCAAAAAAAGGGTTTGCGACCTCGATGTTGGACTAAGGTATCCTAAAGGTGTAGAAGCTTTTGATGGTAGGTCTGTTCGACCTTTAAAACCTT","115"
"OTU00107","OTU00107","Eukaryota","Metazoa","Entoprocta","","","","","","","","","","","","","Loxosomatidae","","","","TAATCTCTTTTGAGAGTCCTTATCAAAAAAGGGGGTTGCGACCTCGATGTTGGATTAGGGTATCCCAAGGATGCAGCAGTTCTTAAAGGTTGGTCTGTTCGACCATTAAAACCCT","115"
"OTU00108","OTU00108","Eukaryota","Metazoa","Arthropoda","","","","","","","","","","","","","","","","","TAATACCTTCAGAGAGATCCTATTGATGAAGGAGGTTGTGACCTCGATGTTGAATTAAAGAAGATTTTCTTTTGTAGAAGAAAGAAGATTAGGTCTGTTCGACCTTTAATGCTTT","115"
"OTU00109","OTU00109","Eukaryota","Metazoa","Nemertea","","","Pilidiophora","","","","","Heteronemertea","","","","","Cerebratulidae","","Cerebratulus","","TAATCTTTTCAGAGAGTTCTTATTGAAGAAAAGGATTGCGACCTCGATGTTGACTTGCTTTTTCCTTTTAAGGTGTAGACGCTAAAAGGGTTGGTCTGTTCGACCATTAAAATAGT","116"
"OTU00110","OTU00110","Eukaryota","Metazoa","Mollusca","","","Gastropoda","Caenogastropoda","","","","","","","","","","","","","TAATTTTTTTTAAGAGCCCATATCTACAAAAAAGTTTGCGACCTCGATGTTGCCTTAGGATACCCCAAAGGTGCAGCAACTTTTAACGGTTGGTCTGTTAGCCCATTAAAATCCCT","116"
"OTU00111","OTU00111","Eukaryota","Metazoa","Mollusca","","","Gastropoda","Caenogastropoda","","","","Littorinimorpha","","","","Rissooidea","Rissoidae","","","","TAATCCTCTTTGCAAGTTCATATTAAAAAGAGATTTTGCGACCTCGATGTTGGACTAAAATATCCTAAAGATGCAGAAGTCTTTAAGGGTTGGAGCGTTCTCCCATTAAAATTTT","115"
"OTU00112","OTU00112","","","","","","","","","","","","","","","","","","","","TTAAATAATTTTAAGTTCTTATTTAAATTTTTTCTTACGACCTCGATGTTGAATTAAGAAATGTAGTAGTGTAGAAGCTAATTATATGAAGTCTGTTCGACTTGAGTTTTCTT","113"
"OTU00113","OTU00113","Eukaryota","Metazoa","","","","","","","","","","","","","","","","","","TCATTTTTCTTTATAGTCCAAATTGAAAGAAAAGTTTACGACCTCGATGTTGGATTAAGGTGACCAGGGGGCGTAGGGGCTCCCTAAGGTTGGTTTGTTCGCCCATAAAAACCCTT","116"
"OTU00114","OTU00114","Eukaryota","Metazoa","Mollusca","","","Bivalvia","Autobranchia","Euheterodonta","","Imparidentia","Cardiida","","","","Cardioidea","Cardiidae","Clinocardiinae","","","CAAGATAACCCGAGAGATCTTATCGAAGGTTGTATTTGTGACCTCGATGTTGGATTAGAGCAGACCTCTTGGCGTAGAAGTTAAGATAGGTGGGACTGTTCGTCCCTTAATTCTCT","116"
"OTU00115","OTU00115","Eukaryota","Metazoa","Mollusca","","","Bivalvia","Autobranchia","Euheterodonta","","Imparidentia","Venerida","","","","Veneroidea","Veneridae","","Ruditapes","Ruditapes philippinarum","TAATTCTTTTTAAGAGATCTTATTGAGGGAAGAGTTTGCGACCTCGATGTTGGATTAGAAAAACTTTTTGGTGTAGCAGCTAGAAGTTGTAAGACTGTTCGTCTTTTAATTTTCT","115"
"OTU00116","OTU00116","","","","","","","","","","","","","","","","","","","","TAAAAACTTTTATAGTTCTTATAGAATAAGTTATTTGTGACCTCGATGTTGAATTAAGAAAAAAGCTAAATGGAGAAATTTAAGCGAGACTATCTGTTCGATAGATAAATTCTT","114"
"OTU00117","OTU00117","Eukaryota","Metazoa","Mollusca","","","Bivalvia","Autobranchia","Euheterodonta","","Imparidentia","Cardiida","","","","Tellinoidea","","","","","CAATGTTCTTATTAAGCACTAATTTGAGAGGGCGATTGCGACCTCGATGTTGAATCAGGGTATCTACCAGGTGTAGCAGCTTGGTAAGTGGGACTGTTCGTCCTTTGAAACCTT","114"
"OTU00118","OTU00118","Eukaryota","Metazoa","Chordata","Craniata","Sarcopterygii","Mammalia","","","","Laurasiatheria","Artiodactyla","Whippomorpha","Cetacea","Odontoceti","","Ziphiidae","","Mesoplodon","","CAATCCTATTCTAGAATCCATATCGACAACAGGATTTACAACTTTGATGTTGGATCAGGACATCCTAATGGTGTAGCCGCTATTAAGCGTTCATTTGATTAAAGTCCT","108"
"OTU00119","OTU00119","","","","","","","","","","","","","","","","","","","","TTATAATTAATAAAGTTTATATTAAATTAATTGTTTGCGACCTCGATGTTGAATTGCGGAGTGCTGATAGAGTAGAATTTATCAAGCTACGGGTCTGTTCGACCCTTTTACCCGC","115"
"OTU00120","OTU00120","Eukaryota","Metazoa","","","","","","","","","","","","","","","","","","TAATTTTTTTTAAGAGCCCATATCTACAAGAAAGTTTGCGACCTCGATGTTGCCTTAGGATACCCAGAAGGTGCAGCAACTTTCAAAGGTTGGTCTGTTAGCCCATTAAAATCCCT","116"
"OTU00121","OTU00121","","","","","","","","","","","","","","","","","","","","TTATGATTAATAAAGTTCTTATTGAATTAATTGTTTGCGACCTCGATGTTGAATTGCGGATTAGTAGTAAAGTAGAAATTACTATTGAAGGGTCTGTTCGACCCCCTGGCCGC","113"
"OTU00122","OTU00122","Eukaryota","Metazoa","Mollusca","","","Bivalvia","Autobranchia","Euheterodonta","","Imparidentia","Cardiida","","","","Tellinoidea","Tellinidae","","","","CAATGTCTTCATTAAGCACATATTTGAGAGGGCGGTTGCGACCTCGATGTTGAATCAGGATTATCTATCAGGTGTAGCAGCTTTGTAAGTGGGACTATTCGTCCTTTAAAATCCT","115"
"OTU00123","OTU00123","Eukaryota","Metazoa","","","","","","","","","","","","","","","","","","TTATTTTTTTAGAGAGTTCTTATCGATAAAAAAGTTTGCGACCTCGATGTTGGACTAAAATATCCTAATTGTGTAGCAGCTATTGAGGGTGGGTCTGTTCGACCCTTAAAATTTT","115"
